graph_type,method,repetition,dimension,depth,sparsity,correlation,observed_fraction,observation_strategy,n_observed,n_latent,runtime_seconds,ess_mean,ess_min,ess_max,mean_rmse,variance_rmse,covariance_frobenius_error,acceptance_rate
layered,single_site_gibbs,0,8,2,0.5,0.4,0.25,uniform,2,6,0.0006885839975439012,38.96018887824857,33.76113326949144,40.0,0.15570871527395655,0.2864423490071468,1.186941321634034,
layered,block_gibbs,0,8,2,0.5,0.4,0.25,uniform,2,6,0.005110958009026945,39.23467647935015,35.408058876100895,40.0,0.11062428463004828,0.3366736005788346,1.2275993557015494,
layered,rw_mh,0,8,2,0.5,0.4,0.25,uniform,2,6,0.00031395902624353766,7.245871656903804,3.655978344524678,13.290514763410457,0.6415297384561791,0.7543201823929943,2.1781248097309507,0.43333333333333335
